# Race/ethnicity mapping, flattened from config/raceeth.yaml of the full
# pipeline repository. Reference documentation: the executable versions are
# nvss_race_eth() and acs_race_eth() in 02_analysis.R (from R/groups.R).
"source","category","definition"
"nvss","hispanic","hispanic_origin 200-299"
"nvss","nh_white","hispanic_origin 100-199 and race_recode_40 == 1"
"nvss","nh_black","hispanic_origin 100-199 and race_recode_40 == 2"
"nvss","nh_other","hispanic_origin 100-299, any other race_recode_40"
"nvss","unknown","hispanic_origin outside 100-299 (excluded from race-stratified cells)"
"acs","hispanic","HISP != 1"
"acs","nh_white","HISP == 1 and RAC1P == 1"
"acs","nh_black","HISP == 1 and RAC1P == 2"
"acs","nh_other","HISP == 1, any other RAC1P"
